Variable,Coefficient,p_value,corrected_p_value
hk1,0.6997056159426648,0.000130579646928452,0.3514388940528473
tmem158,-0.7288790092721631,0.0002624310347625493,0.3514388940528473
sf4,0.7571696432159016,0.00017881272732568265,0.3514388940528473
ftsj1,0.6335668386122293,0.00025828253498762086,0.3514388940528473
zfp93,-0.5797896414648377,0.00011389870942194732,0.3514388940528473
csn1s1,-0.4735122841938688,0.00023527317927020627,0.3514388940528473
loc685604,-0.5213917270144575,0.00031291432548597413,0.3591809436114003
